<?xml version="1.0" encoding="UTF-8"?>
<metadata xml:lang="en"><Esri><CreaDate>20130302</CreaDate><CreaTime>13334700</CreaTime><ArcGISFormat>1.0</ArcGISFormat><SyncOnce>TRUE</SyncOnce><DataProperties><itemProps><itemLocation><linkage Sync="TRUE">file://\\D34SBMF1\C$\Program Files\PostgreSQL\EnterpriseDB-ApachePHP\apache\www\575web\575Lab3d3\data\shapefiles\FranceProvinces2</linkage><protocol Sync="TRUE">Local Area Network</protocol></itemLocation></itemProps><copyHistory><copy source="C:\data\shapefiles\FranceProvinces2" dest="\\D34SBMF1\C$\Program Files\PostgreSQL\EnterpriseDB-ApachePHP\apache\www\575web\575Lab3d3\data\shapefiles\FranceProvinces2" date="20130302" time="13334700"></copy></copyHistory></DataProperties></Esri></metadata>
